primary_investigator,school,institute_carnegie_classification,website,research_interest,postdoc_wanted,postdoc_ads_link,source
Kevin Shaughnessy,University of Alabama,,http://kshaughnessy.people.ua.edu/,synthetic organic,,,https://www.organicdivision.org/organicsyntheticfaculty/
Timothy Snowden,University of Alabama,,https://chemistry.ua.edu/people/timothy-s-snowden/,synthetic organic,,,https://www.organicdivision.org/organicsyntheticfaculty/
Michael Jennings,University of Alabama,,https://chemistry.ua.edu/people/michael-p-jennings/,synthetic organic,,,https://www.organicdivision.org/organicsyntheticfaculty/
Pengfei Wang,University of Alabama – Birmingham,,http://scholars.uab.edu/display/wangp,synthetic organic,,,https://www.organicdivision.org/organicsyntheticfaculty/
Sadanandan Velu,University of Alabama – Birmingham,,http://scholars.uab.edu/display/svelu,synthetic organic,,,https://www.organicdivision.org/organicsyntheticfaculty/
Ming Chen,Auburn University,,http://www.auburn.edu/cosam/faculty/chemistry/chen/research/index.htm,synthetic organic,,,https://www.organicdivision.org/organicsyntheticfaculty/
Rashad Karimov,Auburn University,,https://karimovrashad.wixsite.com/website,synthetic organic,,,https://www.organicdivision.org/organicsyntheticfaculty/
Bradley Merner,Auburn University,,https://www.mernergroup.com/,synthetic organic,,,https://www.organicdivision.org/organicsyntheticfaculty/
Stewart Schneller,Auburn University,,http://wp.auburn.edu/schnest/,synthetic organic,,,https://www.organicdivision.org/organicsyntheticfaculty/
Eugene Mash,University of Arizona,,https://cbc.arizona.edu/faculty/eugene-mash,synthetic organic,,,https://www.organicdivision.org/organicsyntheticfaculty/
Robin Polt,University of Arizona,,https://cbc.arizona.edu/faculty/robin-polt,synthetic organic,,,https://www.organicdivision.org/organicsyntheticfaculty/
Dominic McGrath,University of Arizona,,https://cbc.arizona.edu/faculty/dominic-mcgrath,synthetic organic,,,https://www.organicdivision.org/organicsyntheticfaculty/
Jon Njardarson,University of Arizona,,https://njardarson.lab.arizona.edu/,synthetic organic,,,https://www.organicdivision.org/organicsyntheticfaculty/
John Jewett,University of Arizona,,https://sites.google.com/site/jcjewettlab/,synthetic organic,,,https://www.organicdivision.org/organicsyntheticfaculty/
Laura Ackerman,Arizona State University,,https://isearch.asu.edu/profile/3509272,synthetic organic,,,https://www.organicdivision.org/organicsyntheticfaculty/
Kyle Biegasiewicz,Arizona State University,,https://isearch.asu.edu/profile/3503942,synthetic organic,,,https://www.organicdivision.org/organicsyntheticfaculty/
Matt McIntosh,University of Arkansas,,https://fulbright.uark.edu/departments/chemistry/directory/index/uid/mcintosh/name/Matt-McIntosh/,synthetic organic,,,https://www.organicdivision.org/organicsyntheticfaculty/
Nan Zheng,University of Arkansas,,http://www.zhenggroup.org,synthetic organic,,,https://www.organicdivision.org/organicsyntheticfaculty/
Susanne Striegler,University of Arkansas,,https://sstriegl.hosted.uark.edu/index.html,synthetic organic,,,https://www.organicdivision.org/organicsyntheticfaculty/
Gregory Fu,California Institute of Technology,,http://fugroup.caltech.edu/,synthetic organic,,,https://www.organicdivision.org/organicsyntheticfaculty/
Sarah Reisman,California Institute of Technology,,http://reismangroup.caltech.edu/,synthetic organic,,,https://www.organicdivision.org/organicsyntheticfaculty/
Brian Stoltz,California Institute of Technology,,https://www.stoltz.caltech.edu/,synthetic organic,,,https://www.organicdivision.org/organicsyntheticfaculty/
Phil Baran,Scripps Reasearch Institute,,https://baranlab.org,synthetic organic,,,https://www.organicdivision.org/organicsyntheticfaculty/
Donna Blackmond,Scripps Reasearch Institute,,https://www.scripps.edu/blackmond/,synthetic organic,,,https://www.organicdivision.org/organicsyntheticfaculty/
Dale Boger,Scripps Reasearch Institute,,https://www.scripps.edu/boger/,synthetic organic,,,https://www.organicdivision.org/organicsyntheticfaculty/
Keary Engle,Scripps Reasearch Institute,,https://englelab.com/,synthetic organic,,,https://www.organicdivision.org/organicsyntheticfaculty/
Kim Janda,Scripps Reasearch Institute,,https://www.scripps.edu/janda/,synthetic organic,,,https://www.organicdivision.org/organicsyntheticfaculty/
K. Barry Sharpless,Scripps Reasearch Institute,,https://www.scripps.edu/sharpless/,synthetic organic,,,https://www.organicdivision.org/organicsyntheticfaculty/
Ryan Shenvi,Scripps Reasearch Institute,,https://www.shenvilab.org/,synthetic organic,,,https://www.organicdivision.org/organicsyntheticfaculty/
Chi Huey Wong,Scripps Reasearch Institute,,https://www.scripps.edu/wong/,synthetic organic,,,https://www.organicdivision.org/organicsyntheticfaculty/
Peng Wu,Scripps Reasearch Institute,,https://www.scripps.edu/pwu/,synthetic organic,,,https://www.organicdivision.org/organicsyntheticfaculty/
Jin-Quan Yu,Scripps Reasearch Institute,,https://www.scripps.edu/yu/,synthetic organic,,,https://www.organicdivision.org/organicsyntheticfaculty/
Justin Du Bois,Stanford University,,https://duboislab.stanford.edu/,synthetic organic,,,https://www.organicdivision.org/organicsyntheticfaculty/
Barry M. Trost,Stanford University,,https://web.stanford.edu/group/bmtrost/,synthetic organic,,,https://www.organicdivision.org/organicsyntheticfaculty/
Paul Wender,Stanford University,,https://web.stanford.edu/group/pawender/,synthetic organic,,,https://www.organicdivision.org/organicsyntheticfaculty/
Noah Burns,Stanford University,,http://web.stanford.edu/group/burnslab/,synthetic organic,,,https://www.organicdivision.org/organicsyntheticfaculty/
Carolyn Bertozzi,Stanford University,,https://bertozzigroup.stanford.edu/,synthetic organic,,,https://www.organicdivision.org/organicsyntheticfaculty/
Dean Toste,University of California – Berkeley,,http://www.cchem.berkeley.edu/toste/index.html,synthetic organic,,,https://www.organicdivision.org/organicsyntheticfaculty/
Richmond Sarpong,University of California – Berkeley,,http://www.cchem.berkeley.edu/rsgrp/,synthetic organic,,,https://www.organicdivision.org/organicsyntheticfaculty/
John Hartwig,University of California – Berkeley,,http://www.cchem.berkeley.edu/jfhgrp/,synthetic organic,,,https://www.organicdivision.org/organicsyntheticfaculty/
Thomas Maimone,University of California – Berkeley,,http://www.cchem.berkeley.edu/tjm/Lab_website/Home.html,synthetic organic,,,https://www.organicdivision.org/organicsyntheticfaculty/
Peter Beal,University of California – Davis,,https://beal.faculty.ucdavis.edu,synthetic organic,,,https://www.organicdivision.org/organicsyntheticfaculty/
Mark Kurth,University of California – Davis,,https://chemistry.ucdavis.edu/people/mark-kurth,synthetic organic,,,https://www.organicdivision.org/organicsyntheticfaculty/
Jaquelyn Gervay-Hague,University of California – Davis,,https://chemistry.ucdavis.edu/people/jacquelyn-gervay-hague,synthetic organic,,,https://www.organicdivision.org/organicsyntheticfaculty/
Jared Shaw,University of California – Davis,,https://shaw.faculty.ucdavis.edu,synthetic organic,True,https://shaw.faculty.ucdavis.edu/2021/10/20/opening-for-a-postdoctoral-researcher-2/,https://www.organicdivision.org/organicsyntheticfaculty/
Annaliese Franz,University of California – Davis,,http://chemgroups.ucdavis.edu/%7Efranz/,synthetic organic,,,https://www.organicdivision.org/organicsyntheticfaculty/
Mark Mascal,University of California – Davis,,http://chemgroups.ucdavis.edu/~mascal/,synthetic organic,True,https://docs.google.com/spreadsheets/d/1gR6opZLakIfneMh6ckjwZKehkMgTXR2CX3Q8yDJ6iFc/edit?usp=sharing,https://www.organicdivision.org/organicsyntheticfaculty/
David Olson,University of California – Davis,,https://www.olsonlab.org/,synthetic organic,,,https://www.organicdivision.org/organicsyntheticfaculty/
Elizabeth Bess,University of California – Irvine,,https://www.besslab.com,synthetic organic,,,https://www.organicdivision.org/organicsyntheticfaculty/
James Nowick,University of California – Irvine,,https://www.chem.uci.edu/~jsnowick/groupweb/,synthetic organic,,,https://www.organicdivision.org/organicsyntheticfaculty/
Kenneth Shea,University of California – Irvine,,https://sites.google.com/site/shealabuci/,synthetic organic,,,https://www.organicdivision.org/organicsyntheticfaculty/
David Van Vranken,University of California – Irvine,,https://vanvranken.ps.uci.edu,synthetic organic,,,https://www.organicdivision.org/organicsyntheticfaculty/
Larry Overman,University of California – Irvine,,https://faculty.sites.uci.edu/overman/,synthetic organic,,,https://www.organicdivision.org/organicsyntheticfaculty/
Scott Rychnovsky,University of California – Irvine,,https://sites.uci.edu/rychnovskylab/,synthetic organic,,,https://www.organicdivision.org/organicsyntheticfaculty/
Christopher Vanderwal,University of California – Irvine,,https://faculty.sites.uci.edu/cdv/,synthetic organic,,,https://www.organicdivision.org/organicsyntheticfaculty/
Elizabeth Jarvo,University of California – Irvine,,https://sites.uci.edu/jarvogroup/,synthetic organic,,,https://www.organicdivision.org/organicsyntheticfaculty/
Suzanne Blum,University of California – Irvine,,https://blumgroupuci.squarespace.com/,synthetic organic,,,https://www.organicdivision.org/organicsyntheticfaculty/
Vy Dong,University of California – Irvine,,https://www.chem.uci.edu/~dongv/,synthetic organic,,,https://www.organicdivision.org/organicsyntheticfaculty/
Jenn Prescher,University of California – Irvine,,https://www.chem.uci.edu/~jpresche/,synthetic organic,,,https://www.organicdivision.org/organicsyntheticfaculty/
Sergey Pronin,University of California – Irvine,,https://faculty.sites.uci.edu/pronin/,synthetic organic,,,https://www.organicdivision.org/organicsyntheticfaculty/
Neil Garg,University of California – Los Angeles,,https://garg.chem.ucla.edu/,synthetic organic,,,https://www.organicdivision.org/organicsyntheticfaculty/
Abigail Doyle,University of California – Los Angeles,,https://doyle.chem.ucla.edu/,synthetic organic,,,https://www.organicdivision.org/organicsyntheticfaculty/
Patrick Harran,University of California – Los Angeles,,http://www.chem.ucla.edu/harran/,synthetic organic,,,https://www.organicdivision.org/organicsyntheticfaculty/
Michael Jung,University of California – Los Angeles,,http://www.chem.ucla.edu/~jung/home.html,synthetic organic,,,https://www.organicdivision.org/organicsyntheticfaculty/
Ohyun Kwon,University of California – Los Angeles,,https://www.thekwonlab.net/,synthetic organic,,,https://www.organicdivision.org/organicsyntheticfaculty/
Hosea Nelson,University of California – Los Angeles,,http://www.thenelsonlab.com/,synthetic organic,,,https://www.organicdivision.org/organicsyntheticfaculty/
Kevin Kou,University of California – Riverside,,https://koulab.org,synthetic organic,,,https://www.organicdivision.org/organicsyntheticfaculty/
Michael Pirrung,University of California – Riverside,,https://sites.google.com/ucr.edu/pirrung/,synthetic organic,,,https://www.organicdivision.org/organicsyntheticfaculty/
Bruce Lipshutz,University of California – Santa Barbara,,https://lipshutz.chem.ucsb.edu,synthetic organic,,,https://www.organicdivision.org/organicsyntheticfaculty/
R. Daniel Little,University of California – Santa Barbara,,https://little.chem.ucsb.edu/home,synthetic organic,,,https://www.organicdivision.org/organicsyntheticfaculty/
Thomas Pettus,University of California – Santa Barbara,,https://labs.chem.ucsb.edu/pettus/tom/Pettus_Group/Pettus_Group/Welcome.html,synthetic organic,,,https://www.organicdivision.org/organicsyntheticfaculty/
Javier Read de Alaniz,University of California – Santa Barbara,,https://readdealanizgroup.com,synthetic organic,,,https://www.organicdivision.org/organicsyntheticfaculty/
Yang Yang,University of California – Santa Barbara,,https://yang.chem.ucsb.edu/,synthetic organic,,,https://www.organicdivision.org/organicsyntheticfaculty/
Armen Zakarian,University of California – Santa Barbara,,https://labs.chem.ucsb.edu/zakarian/armen/,synthetic organic,,,https://www.organicdivision.org/organicsyntheticfaculty/
Liming Zhang,University of California – Santa Barbara,,https://zhang.chem.ucsb.edu/,synthetic organic,,,https://www.organicdivision.org/organicsyntheticfaculty/
Rebecca Braslau,University of California – Santa Cruz,,https://braslau.chemistry.ucsc.edu/,synthetic organic,,,https://www.organicdivision.org/organicsyntheticfaculty/
Bakthan Singaram,University of California – Santa Cruz,,https://www.chemistry.ucsc.edu/faculty/index.php?uid=singaram,synthetic organic,,,https://www.organicdivision.org/organicsyntheticfaculty/
Michael Burkart,University of California – San Diego,,http://burkartlab.ucsd.edu,synthetic organic,,,https://www.organicdivision.org/organicsyntheticfaculty/
Tadeusz Molinski,University of California – San Diego,,https://www-chem.ucsd.edu/faculty/profiles/molinski_tadeusz_f.html,synthetic organic,,,https://www.organicdivision.org/organicsyntheticfaculty/
Valerie Schmidt,University of California – San Diego,,http://schmidtgroup.ucsd.edu/people.html,synthetic organic,,,https://www.organicdivision.org/organicsyntheticfaculty/
Dionicio Siegel,University of California – San Diego,,https://www.siegellabgroup.org,synthetic organic,,,https://www.organicdivision.org/organicsyntheticfaculty/
Emmanuel Theodorakis,University of California – San Diego,,http://theodorakisgroup.ucsd.edu/,synthetic organic,,,https://www.organicdivision.org/organicsyntheticfaculty/
Benjamin Stokes,University of California – Merced,,https://www.benstokesgroup.org/,synthetic organic,,,https://www.organicdivision.org/organicsyntheticfaculty/
Ryan Baxter,University of California – Merced,,https://www.baxterlab.com/,synthetic organic,,,https://www.organicdivision.org/organicsyntheticfaculty/
Jason Sello,University of California – San Francisco,,https://pharmacy.ucsf.edu/jason-sello,synthetic organic,,,https://www.organicdivision.org/organicsyntheticfaculty/
Douglas Grotjahn,San Diego State University,,http://grotjahngroup.org/,synthetic organic,,,https://www.organicdivision.org/organicsyntheticfaculty/
Nicos Petasis,University of Southern California,,https://dornsife.usc.edu/chemistry/petasis/,synthetic organic,,,https://www.organicdivision.org/organicsyntheticfaculty/
Kyung Jung,University of Southern California,,https://dornsife.usc.edu/chemistry/jung/,synthetic organic,,,https://www.organicdivision.org/organicsyntheticfaculty/
Travis Williams,University of Southern California,,http://chem.usc.edu/~williams_group/index.html,synthetic organic,,,https://www.organicdivision.org/organicsyntheticfaculty/
G. K. Surya Prakash,University of Southern California,,https://dornsife.usc.edu/chemistry/,synthetic organic,,,https://www.organicdivision.org/organicsyntheticfaculty/
David Horne,City of Hope,,https://www.cityofhope.org/people/horne-david,synthetic organic,,,https://www.organicdivision.org/organicsyntheticfaculty/
Jeff Bandar,Colorado State University,,https://www.thebandargroup.org/,synthetic organic,,,https://www.organicdivision.org/organicsyntheticfaculty/
Andy McNally,Colorado State University,,https://www.mcnallygroup.org,synthetic organic,,,https://www.organicdivision.org/organicsyntheticfaculty/
Garret Miyake,Colorado State University,,https://miyakelab.colostate.edu/,synthetic organic,,,https://www.organicdivision.org/organicsyntheticfaculty/
Yian Shi,Colorado State University,,https://sites.chem.colostate.edu/shilab/,synthetic organic,,,https://www.organicdivision.org/organicsyntheticfaculty/
Tarek Sammakia,University of Colorado,,https://www.colorado.edu/lab/sammakiagroup/,synthetic organic,,,https://www.organicdivision.org/organicsyntheticfaculty/
Xiang Wang,University of Colorado,,https://www.colorado.edu/lab/wanggroup/,synthetic organic,,,https://www.organicdivision.org/organicsyntheticfaculty/
Maciej Walczak,University of Colorado,,https://www.walczaklab.org/,synthetic organic,,,https://www.organicdivision.org/organicsyntheticfaculty/
Brian Michel,University of Denver,,http://portfolio.du.edu/Brian.Michel,synthetic organic,,,https://www.organicdivision.org/organicsyntheticfaculty/
Bryan Cowen,University of Denver,,http://portfolio.du.edu/bcowen,synthetic organic,,,https://www.organicdivision.org/organicsyntheticfaculty/
Andrei Kutateladze,University of Denver,,https://science.du.edu/about/faculty-directory/andrei-kutateladze,synthetic organic,,,https://www.organicdivision.org/organicsyntheticfaculty/
Amy Howell,University of Connecticut,,https://howell.chem.uconn.edu/,synthetic organic,,,https://www.organicdivision.org/organicsyntheticfaculty/
Nicholas Leadbeater,University of Connecticut,,https://nsmg.chemistry.uconn.edu,synthetic organic,,,https://www.organicdivision.org/organicsyntheticfaculty/
Mark Peczuh,University of Connecticut,,https://mark-peczuh.uconn.edu/,synthetic organic,,,https://www.organicdivision.org/organicsyntheticfaculty/
Craig Crews,Yale University,,https://crewslab.yale.edu/,synthetic organic,,,https://www.organicdivision.org/organicsyntheticfaculty/
Scott Miller,Yale University,,https://millerlab.yale.edu/,synthetic organic,,,https://www.organicdivision.org/organicsyntheticfaculty/
Seth Herzon,Yale University,,http://www.herzongroup.org/,synthetic organic,,,https://www.organicdivision.org/organicsyntheticfaculty/
David Spiegel,Yale University,,https://spiegellab.yale.edu/,synthetic organic,,,https://www.organicdivision.org/organicsyntheticfaculty/
William Jorgensen,Yale University,,http://zarbi.chem.yale.edu/,synthetic organic,,,https://www.organicdivision.org/organicsyntheticfaculty/
Jon Ellman,Yale University,,https://ellman.chem.yale.edu/,synthetic organic,,,https://www.organicdivision.org/organicsyntheticfaculty/
Timothy Newhouse,Yale University,,https://campuspress.yale.edu/newhousegroup/,synthetic organic,,,https://www.organicdivision.org/organicsyntheticfaculty/
Joseph Fox,University of Delaware,,http://www1.udel.edu/chem/fox/index.html,synthetic organic,,,https://www.organicdivision.org/organicsyntheticfaculty/
Neal Zondlo,University of Delaware,,http://www1.udel.edu/chem/zondlo/,synthetic organic,,,https://www.organicdivision.org/organicsyntheticfaculty/
William Chain,University of Delaware,,https://sites.udel.edu/chaingroup/,synthetic organic,,,https://www.organicdivision.org/organicsyntheticfaculty/
Donald Watson,University of Delaware,,https://sites.udel.edu/dawatsongroup/,synthetic organic,,,https://www.organicdivision.org/organicsyntheticfaculty/
Mary Watson,University of Delaware,,https://sites.udel.edu/mpwatson-lab/,synthetic organic,,,https://www.organicdivision.org/organicsyntheticfaculty/
Cynthia Dowd,George Washington University,,https://home.gwu.edu/~cdowd/,synthetic organic,,,https://www.organicdivision.org/organicsyntheticfaculty/
Christian Wolf,Georgetown University,,https://www.thewolfgrouponline.com/,synthetic organic,,,https://www.organicdivision.org/organicsyntheticfaculty/
Hans Renata,Scripps Reasearch Institute – Florida,,https://renatalab.com/,synthetic organic,,,https://www.organicdivision.org/organicsyntheticfaculty/
Lisa McElwee-White,University of Florida,,https://lmwhite.chem.ufl.edu,synthetic organic,,,https://www.organicdivision.org/organicsyntheticfaculty/
Aaron Aponick,University of Florida,,https://aponick.chem.ufl.edu/Aponick_Research/Home.html,synthetic organic,,,https://www.organicdivision.org/organicsyntheticfaculty/
Alexander Grenning,University of Florida,,https://www.grenninglab.com/,synthetic organic,,,https://www.organicdivision.org/organicsyntheticfaculty/
Robert Huigens,University of Florida,,https://pharmacy.ufl.edu/profile/huigens-robert/,synthetic organic,,,https://www.organicdivision.org/organicsyntheticfaculty/
Zhongwu Guo,University of Florida,,https://guo.chem.ufl.edu/research/,synthetic organic,,,https://www.organicdivision.org/organicsyntheticfaculty/
Norito Takenaka,Florida Institute of Technology,,https://www.fit.edu/faculty-profiles/6/norito-takenaka/,synthetic organic,,,https://www.organicdivision.org/organicsyntheticfaculty/
Salvatore Lepore,Florida Atlantic University,,https://cescos.fau.edu/lepore/index.html,synthetic organic,,,https://www.organicdivision.org/organicsyntheticfaculty/
Kansang Lee,University of Central Florida,,https://sciences.ucf.edu/chemistry/lee/,synthetic organic,,,https://www.organicdivision.org/organicsyntheticfaculty/
Yu Yuan,University of Central Florida,,https://sciences.ucf.edu/chemistry/yuanlab/,synthetic organic,,,https://www.organicdivision.org/organicsyntheticfaculty/
James Frederich,Florida State University,,https://www.frederichlab.org/,synthetic organic,,,https://www.organicdivision.org/organicsyntheticfaculty/
Joel Smith,Florida State University,,https://www.smithlab.org/,synthetic organic,,,https://www.organicdivision.org/organicsyntheticfaculty/
Kirpal Bisht,University of South Florida,,http://faculty.cas.usf.edu/kbisht/,synthetic organic,,,https://www.organicdivision.org/organicsyntheticfaculty/
Edward Turos,University of South Florida,,https://www.usf.edu/arts-sciences/departments/chemistry/faculty/turos.aspx,synthetic organic,,,https://www.organicdivision.org/organicsyntheticfaculty/
Michael Shi,University of South Florida,,http://xmshi.myweb.usf.edu/,synthetic organic,,,https://www.organicdivision.org/organicsyntheticfaculty/
Justin Lopchuk,University of South Florida,,http://lopchuklab.com/,synthetic organic,,,https://www.organicdivision.org/organicsyntheticfaculty/
Alejandro Bugarin,Florida Gulf Coast University,,https://www.fgcu.edu/directory/abugarin,synthetic organic,,,https://www.organicdivision.org/organicsyntheticfaculty/
Simon Blakey,Emory University,,https://www.blakeylab.org,synthetic organic,,,https://www.organicdivision.org/organicsyntheticfaculty/
Huw Davies,Emory University,,https://scholarblogs.emory.edu/davieslab/,synthetic organic,,,https://www.organicdivision.org/organicsyntheticfaculty/
Lanny Liebeskind,Emory University,,https://scholarblogs.emory.edu/liebeskindlab/,synthetic organic,,,https://www.organicdivision.org/organicsyntheticfaculty/
Dennis Liotta,Emory University,,https://scholarblogs.emory.edu/liotta/,synthetic organic,,,https://www.organicdivision.org/organicsyntheticfaculty/
Frank McDonald,Emory University,,https://scholarblogs.emory.edu/frankmcdonaldchemistry/,synthetic organic,,,https://www.organicdivision.org/organicsyntheticfaculty/
Nate Jui,Emory University,,https://www.juigroup.com/,synthetic organic,,,https://www.organicdivision.org/organicsyntheticfaculty/
William Wuest,Emory University,,https://scholarblogs.emory.edu/wuestlab/,synthetic organic,,,https://www.organicdivision.org/organicsyntheticfaculty/
Anthony Arduengo,Georgia Institute of Technology,,https://ajarduengo.net/,synthetic organic,True,http://ajarduengo.net/,https://www.organicdivision.org/organicsyntheticfaculty/
Stefan France,Georgia Institute of Technology,,http://ww2.chemistry.gatech.edu/~sfrance3/home.html,synthetic organic,,,https://www.organicdivision.org/organicsyntheticfaculty/
M. G. Finn,Georgia Institute of Technology,,http://www.finnlabresearch.org/,synthetic organic,,,https://www.organicdivision.org/organicsyntheticfaculty/
Geert-Jan Boons,University of Georgia,,https://www.ccrc.uga.edu/~gjboons/boons/Home.htm,synthetic organic,,,https://www.organicdivision.org/organicsyntheticfaculty/
Eric Ferreira,University of Georgia,,https://ferreiralaboratory.wordpress.com/,synthetic organic,,,https://www.organicdivision.org/organicsyntheticfaculty/
Suri Iyer,Georgia State University,,https://siyer.gsucreate.org/publications/,synthetic organic,,,https://www.organicdivision.org/organicsyntheticfaculty/
Marcus Tius,University of Hawaii,,http://manoa.hawaii.edu/chem/groups/tius/,synthetic organic,,,https://www.organicdivision.org/organicsyntheticfaculty/
Kristopher Waynant,University of Idaho,,https://waynantresearch.webs.com/,synthetic organic,,,https://www.organicdivision.org/organicsyntheticfaculty/
Mark Levin,University of Chicago,,https://voices.uchicago.edu/levingroup/,synthetic organic,,,https://www.organicdivision.org/organicsyntheticfaculty/
Viresh Rawal,University of Chicago,,https://rawalgroup.uchicago.edu/,synthetic organic,,,https://www.organicdivision.org/organicsyntheticfaculty/
Scott Snyder,University of Chicago,,http://snyder-group.uchicago.edu/,synthetic organic,,,https://www.organicdivision.org/organicsyntheticfaculty/
Guangbin Dong,University of Chicago,,https://voices.uchicago.edu/donggroup/,synthetic organic,,,https://www.organicdivision.org/organicsyntheticfaculty/
Will Dichtel,Northwestern University,,https://sites.northwestern.edu/dichtel/,synthetic organic,,,https://www.organicdivision.org/organicsyntheticfaculty/
Julia Kalow,Northwestern University,,https://sites.northwestern.edu/kalowlab/,synthetic organic,,,https://www.organicdivision.org/organicsyntheticfaculty/
Christian Malapit,Northwestern University,,https://www.malapitlab.com,synthetic organic,,,https://www.organicdivision.org/organicsyntheticfaculty/
SonBinh Nguyen,Northwestern University,,https://www.nguyengroup.northwestern.edu/,synthetic organic,,,https://www.organicdivision.org/organicsyntheticfaculty/
Karl Scheidt,Northwestern University,,https://sites.northwestern.edu/scheidt/,synthetic organic,,,https://www.organicdivision.org/organicsyntheticfaculty/
Regan Thomson,Northwestern University,,https://sites.northwestern.edu/thomson/,synthetic organic,,,https://www.organicdivision.org/organicsyntheticfaculty/
Richard Silverman,Northwestern University,,https://silverman.northwestern.edu/,synthetic organic,,,https://www.organicdivision.org/organicsyntheticfaculty/
Fraser Stoddard,Northwestern University,,https://stoddart.northwestern.edu/,synthetic organic,,,https://www.organicdivision.org/organicsyntheticfaculty/
Laura Anderson,University of Illinois Chicago,,http://www2.chem.uic.edu/anderson/,synthetic organic,,,https://www.organicdivision.org/organicsyntheticfaculty/
Tom Driver,University of Illinois Chicago,,http://www2.chem.uic.edu/driver/,synthetic organic,,,https://www.organicdivision.org/organicsyntheticfaculty/
Daesung Lee,University of Illinois Chicago,,http://www2.chem.uic.edu/leegroup/,synthetic organic,,,https://www.organicdivision.org/organicsyntheticfaculty/
Justin Mohr,University of Illinois Chicago,,http://www2.chem.uic.edu/mohr/,synthetic organic,,,https://www.organicdivision.org/organicsyntheticfaculty/
Duncan Wardrop,University of Illinois Chicago,,http://www2.chem.uic.edu/wardrop/,synthetic organic,,,https://www.organicdivision.org/organicsyntheticfaculty/
Martin Burke,University of Illinois Urbana-Champaign,,http://faculty.scs.illinois.edu/burke/,synthetic organic,,,https://www.organicdivision.org/organicsyntheticfaculty/
Scott Denmark,University of Illinois Urbana-Champaign,,http://faculty.scs.illinois.edu/denmark/,synthetic organic,,,https://www.organicdivision.org/organicsyntheticfaculty/
Paul Hergenrother,University of Illinois Urbana-Champaign,,https://www.hergenrothergroup.com/,synthetic organic,,,https://www.organicdivision.org/organicsyntheticfaculty/
John Katzenellenbogen,University of Illinois Urbana-Champaign,,https://chemistry.illinois.edu/jkatzene,synthetic organic,,,https://www.organicdivision.org/organicsyntheticfaculty/
M. Christina White,University of Illinois Urbana-Champaign,,http://faculty.scs.illinois.edu/white/,synthetic organic,,,https://www.organicdivision.org/organicsyntheticfaculty/
Timothy Hagen,Northern Illinois University,,https://www.niu.edu/hagen/,synthetic organic,,,https://www.organicdivision.org/organicsyntheticfaculty/
Hee Yeon Cho,Loyola University Chicago,,http://chogroup.org/,synthetic organic,,,https://www.organicdivision.org/organicsyntheticfaculty/
Douglas Klumpp,Northern Illinois University,,https://www.niu.edu/klumpp/group-members/index.shtml,synthetic organic,,,https://www.organicdivision.org/organicsyntheticfaculty/
Kevin Brown,Indiana University,,https://kbrown.lab.indiana.edu/,synthetic organic,,,https://www.organicdivision.org/organicsyntheticfaculty/
Silas Cook,Indiana University,,https://cooklab.sitehost.iu.edu/,synthetic organic,,,https://www.organicdivision.org/organicsyntheticfaculty/
Nicola Pohl,Indiana University,,https://pohl.lab.indiana.edu/,synthetic organic,,,https://www.organicdivision.org/organicsyntheticfaculty/
Thomas Snaddon,Indiana University,,https://snaddon.lab.indiana.edu,synthetic organic,,,https://www.organicdivision.org/organicsyntheticfaculty/
Michael VanNieuwenhze,Indiana University,,https://msv.lab.indiana.edu/,synthetic organic,,,https://www.organicdivision.org/organicsyntheticfaculty/
David Williams,Indiana University,,https://williams.lab.indiana.edu,synthetic organic,,,https://www.organicdivision.org/organicsyntheticfaculty/
Robert Minto,Indiana University Purdue University Indianapolis,,https://mintogroup.chem.iupui.edu,synthetic organic,,,https://www.organicdivision.org/organicsyntheticfaculty/
Sebastien Laulhe,Indiana University Purdue University Indianapolis,,https://science.iupui.edu/people-directory/people/laulhe-sebastien.html,synthetic organic,,,https://www.organicdivision.org/organicsyntheticfaculty/
Brandon Ashfeld,University of Notre Dame,,https://ashfeldlab.nd.edu/,synthetic organic,,,https://www.organicdivision.org/organicsyntheticfaculty/
Juan Del Valle,University of Notre Dame,,https://delvallelab.weebly.com/,synthetic organic,,,https://www.organicdivision.org/organicsyntheticfaculty/
Paul Helquist,University of Notre Dame,,https://chemistry.nd.edu/people/paul-helquist/,synthetic organic,,,https://www.organicdivision.org/organicsyntheticfaculty/
Christian Melander,University of Notre Dame,,https://sites.nd.edu/melanderlab/,synthetic organic,,,https://www.organicdivision.org/organicsyntheticfaculty/
Richard Taylor,University of Notre Dame,,https://chemistry.nd.edu/people/rich-taylor/,synthetic organic,,,https://www.organicdivision.org/organicsyntheticfaculty/
Ryan Altman,Purdue University,,https://www.mcmp.purdue.edu/faculty/raaltman,synthetic organic,,,https://www.organicdivision.org/organicsyntheticfaculty/
P. V. Ramachandran,Purdue University,,https://www.chem.purdue.edu/chandran/,synthetic organic,,,https://www.organicdivision.org/organicsyntheticfaculty/
Mark Cushman,Purdue University,,https://www.mcmp.purdue.edu/faculty/cushmanm,synthetic organic,,,https://www.organicdivision.org/organicsyntheticfaculty/
Mark Lipton,Purdue University,,https://www.chem.purdue.edu/lipton/,synthetic organic,,,https://www.organicdivision.org/organicsyntheticfaculty/
Arun Ghosh,Purdue University,,https://www.chem.purdue.edu/ghosh/,synthetic organic,,,https://www.organicdivision.org/organicsyntheticfaculty/
Christopher Uyeda,Purdue University,,https://www.chem.purdue.edu/uyeda/,synthetic organic,,,https://www.organicdivision.org/organicsyntheticfaculty/
Mingji Dai,Purdue University,,https://www.chem.purdue.edu/dai/,synthetic organic,,,https://www.organicdivision.org/organicsyntheticfaculty/
Daniel Flaherty,Purdue University,,https://www.mcmp.purdue.edu/faculty/dflaher,synthetic organic,,,https://www.organicdivision.org/organicsyntheticfaculty/
Herman Sintim,Purdue University,,https://sites.google.com/site/sintimgrouphomepage/,synthetic organic,,,https://www.organicdivision.org/organicsyntheticfaculty/
Horacio Olivo,University of Iowa,,https://olivoresearch.wordpress.com,synthetic organic,,,https://www.organicdivision.org/organicsyntheticfaculty/
David Wiemer,University of Iowa,,https://chem.uiowa.edu/wiemer-research-group,synthetic organic,,,https://www.organicdivision.org/organicsyntheticfaculty/
Greg Friestad,University of Iowa,,https://chem.uiowa.edu/people/gregory-k-friestad,synthetic organic,,,https://www.organicdivision.org/organicsyntheticfaculty/
Zhendong Jin,University of Iowa,,https://pharmacy.uiowa.edu/directory/person/zhendong-jin,synthetic organic,True,https://pharmacy.uiowa.edu/directory/person/zhendong-jin,https://www.organicdivision.org/organicsyntheticfaculty/
Dave Martin,University of Iowa,,https://martin.lab.uiowa.edu/index.html,synthetic organic,,,https://www.organicdivision.org/organicsyntheticfaculty/
Chris Pigge,University of Iowa,,https://chem.uiowa.edu/people/f-christopher-pigge,synthetic organic,,,https://www.organicdivision.org/organicsyntheticfaculty/
Florence Williams,University of Iowa,,https://www.williamsresearchlab.com/,synthetic organic,,,https://www.organicdivision.org/organicsyntheticfaculty/
George Kraus,Iowa State University,,https://www.chem.iastate.edu/people/george-kraus,synthetic organic,,,https://www.organicdivision.org/organicsyntheticfaculty/
Aaron Sadow,Iowa State University,,https://sadow.chem.iastate.edu/,synthetic organic,,,https://www.organicdivision.org/organicsyntheticfaculty/
Levi Stanley,Iowa State University,,https://www.chem.iastate.edu/people/levi-stanley,synthetic organic,,,https://www.organicdivision.org/organicsyntheticfaculty/
Duy Hua,Kansas State University,,https://www.k-state.edu/chem/people/grad-faculty/hua/lab/index.html,synthetic organic,,,https://www.organicdivision.org/organicsyntheticfaculty/
Ryan Rafferty,Kansas State University,,https://www.k-state.edu/chem/people/grad-faculty/rafferty/lab/index.html,synthetic organic,,,https://www.organicdivision.org/organicsyntheticfaculty/
Zarko Boskovic,University of Kansas,,https://boskoviclab.ku.edu,synthetic organic,,,https://www.organicdivision.org/organicsyntheticfaculty/
Michael Rubin,University of Kansas,,http://chem.ku.edu/people/faculty/mrubin,synthetic organic,,,https://www.organicdivision.org/organicsyntheticfaculty/
Jon Tunge,University of Kansas,,http://tungegroup.ku.edu/,synthetic organic,,,https://www.organicdivision.org/organicsyntheticfaculty/
Bob Grossman,University of Kentucky,,https://chem.as.uky.edu/users/rbgros1,synthetic organic,,,https://www.organicdivision.org/organicsyntheticfaculty/
R. Kiplin Guy,University of Kentucky,,https://pharmacy.uky.edu/people/r-kip-guy,synthetic organic,True,http://ukjobs.uky.edu/postings/293026,https://www.organicdivision.org/organicsyntheticfaculty/
Thomas Prisinzano,University of Kentucky,,https://prizlab.createuky.net/,synthetic organic,,,https://www.organicdivision.org/organicsyntheticfaculty/
Dave Watt,University of Kentucky,,http://biochemistry.med.uky.edu/users/dwatt,synthetic organic,,,https://www.organicdivision.org/organicsyntheticfaculty/
Frederick Luzzio,University of Louisville,,http://louisville.edu/chemistry/directory/faculty/frederick-a.-luzzio,synthetic organic,,,https://www.organicdivision.org/organicsyntheticfaculty/
Michael Nantz,University of Louisville,,http://www.nantzgroup.com/Nantz_Lab/Homepage.html,synthetic organic,,,https://www.organicdivision.org/organicsyntheticfaculty/
Gerald Hammond,University of Louisville,,http://louisville.edu/chemistry/directory/faculty/gerald-b.-gb-hammond,synthetic organic,,,https://www.organicdivision.org/organicsyntheticfaculty/
Rendy Kartika,Louisiana State University,,https://sites01.lsu.edu/faculty/rkartika/,synthetic organic,,,https://www.organicdivision.org/organicsyntheticfaculty/
Semin Lee,Louisiana State University,,https://www.seminlee.com/,synthetic organic,,,https://www.organicdivision.org/organicsyntheticfaculty/
Justin Ragains,Louisiana State University,,https://faculty.lsu.edu/ragains/index.php,synthetic organic,,,https://www.organicdivision.org/organicsyntheticfaculty/
Carol Taylor,Louisiana State University,,https://faculty.lsu.edu/cmtaylor/index.php,synthetic organic,,,https://www.organicdivision.org/organicsyntheticfaculty/
Mark Trudell,University of New Orleans,,https://www.uno.edu/profile/faculty/mark_trudell,synthetic organic,,,https://www.organicdivision.org/organicsyntheticfaculty/
Matthew Brichacek,University of Maine,,https://umaine.edu/brichlab/,synthetic organic,,,https://www.organicdivision.org/organicsyntheticfaculty/
Thomas Lectka,Johns Hopkins University,,http://lectka.chemistry.jhu.edu/,synthetic organic,,,https://www.organicdivision.org/organicsyntheticfaculty/
Rebekka Klausen,Johns Hopkins University,,https://pages.jh.edu/chem/klausen/,synthetic organic,,,https://www.organicdivision.org/organicsyntheticfaculty/
Craig Townsend,Johns Hopkins University,,https://sites.krieger.jhu.edu/townsend-lab/,synthetic organic,,,https://www.organicdivision.org/organicsyntheticfaculty/
Caren Meyers,Johns Hopkins University,,https://www.hopkinsmedicine.org/pharmacology_molecular_sciences/faculty/bios/meyers.html,synthetic organic,,,https://www.organicdivision.org/organicsyntheticfaculty/
Philip DeShong,University of Maryland,,http://www.chem.umd.edu/faculty-staff-directory/facultydirectory/philip-deshong,synthetic organic,,,https://www.organicdivision.org/organicsyntheticfaculty/
Osvaldo Gutierrez,University of Maryland,,https://www.gutierrezlabs.com/,synthetic organic,,,https://www.organicdivision.org/organicsyntheticfaculty/
Katherine Seley-Radke,University of Maryland,,https://chemistry.umbc.edu/seley-radtke-lab/,synthetic organic,,,https://www.organicdivision.org/organicsyntheticfaculty/
Daniel Appella,NIH,,https://www.niddk.nih.gov/research-funding/at-niddk/labs-branches/laboratory-bioorganic-chemistry/synthetic-bioactive-molecules-section,synthetic organic,,,https://www.organicdivision.org/organicsyntheticfaculty/
John Schneekloth,NIH,,https://irp.nih.gov/pi/john-schneekloth,synthetic organic,,,https://www.organicdivision.org/organicsyntheticfaculty/
Martin Schnermann,NIH,,https://ccr.cancer.gov/chemical-biology-laboratory/martin-j-schnermann,synthetic organic,,,https://www.organicdivision.org/organicsyntheticfaculty/
Clifton Barry,NIH,,https://www.niaid.nih.gov/research/clifton-e-barry-iii-phd,synthetic organic,,,https://www.organicdivision.org/organicsyntheticfaculty/
Amir Hoveyda,Boston College,,https://sites.bc.edu/amir-hoveyda/,synthetic organic,,,https://www.organicdivision.org/organicsyntheticfaculty/
James Morken,Boston College,,https://sites.google.com/bc.edu/james-morken//,synthetic organic,,,https://www.organicdivision.org/organicsyntheticfaculty/
Marc Snapper,Boston College,,https://sites.bc.edu/marc-snapper/marc-snapper/,synthetic organic,,,https://www.organicdivision.org/organicsyntheticfaculty/
Masayuki Wasa,Boston College,,https://sites.google.com/bc.edu/masayuki-wasa/home,synthetic organic,,,https://www.organicdivision.org/organicsyntheticfaculty/
X. Peter Zhang,Boston College,,https://sites.bc.edu/peter-zhang/,synthetic organic,,,https://www.organicdivision.org/organicsyntheticfaculty/
Aaron Beeler,Boston University,,https://www.bu.edu/chemistry/faculty/beeler/,synthetic organic,,,https://www.organicdivision.org/organicsyntheticfaculty/
James Panek,Boston University,,http://people.bu.edu/panek/,synthetic organic,,,https://www.organicdivision.org/organicsyntheticfaculty/
John Porco,Boston University,,https://www.porcogroup.com/,synthetic organic,,,https://www.organicdivision.org/organicsyntheticfaculty/
Scott Shaus,Boston University,,https://www.bu.edu/chemistry/faculty/schaus/,synthetic organic,,,https://www.organicdivision.org/organicsyntheticfaculty/
John Snyder,Boston University,,http://people.bu.edu/jsnyder/index.htm,synthetic organic,,,https://www.organicdivision.org/organicsyntheticfaculty/
Barry Snider,Brandeis University,,http://blogs.brandeis.edu/snidergroup/,synthetic organic,,,https://www.organicdivision.org/organicsyntheticfaculty/
Isaac Krauss,Brandeis University,,http://people.brandeis.edu/~kraussi/index.html,synthetic organic,,,https://www.organicdivision.org/organicsyntheticfaculty/
Chi Ting,Brandeis University,,https://www.brandeis.edu/chemistry/faculty/ting-chi.html,synthetic organic,True,https://www.brandeis.edu/chemistry/faculty/ting-chi.html,https://www.organicdivision.org/organicsyntheticfaculty/
Hao Xu,Brandeis University,,https://www.brandeis.edu/chemistry/faculty/xu-hao.html,synthetic organic,,,https://www.organicdivision.org/organicsyntheticfaculty/
E. J. Corey,Harvard University,,https://faculty.chemistry.harvard.edu/elias-corey,synthetic organic,,,https://www.organicdivision.org/organicsyntheticfaculty/
Yoshito Kishi,Harvard University,,https://faculty.chemistry.harvard.edu/yoshito-kishi,synthetic organic,,,https://www.organicdivision.org/organicsyntheticfaculty/
Eric Jacobsen,Harvard University,,http://www.people.fas.harvard.edu/~jacobsengroup/,synthetic organic,,,https://www.organicdivision.org/organicsyntheticfaculty/
Andrew Myers,Harvard University,,https://faculty.chemistry.harvard.edu/myers,synthetic organic,,,https://www.organicdivision.org/organicsyntheticfaculty/
Stuart Schreiber,Harvard University,,https://www.broadinstitute.org/bios/stuart-l-schreiber,synthetic organic,,,https://www.organicdivision.org/organicsyntheticfaculty/
Matthew Shair,Harvard University,,http://www.shairlab.com,synthetic organic,,,https://www.organicdivision.org/organicsyntheticfaculty/
Daniel Kahne,Harvard University,,https://kahnelab.chemistry.harvard.edu/,synthetic organic,,,https://www.organicdivision.org/organicsyntheticfaculty/
Christina Woo,Harvard University,,http://www.woolab.org,synthetic organic,,,https://www.organicdivision.org/organicsyntheticfaculty/
Rick Danheiser,Massachusetts Institute of Technology,,http://danheiserlab.mit.edu/,synthetic organic,,,https://www.organicdivision.org/organicsyntheticfaculty/
Timothy Jamison,Massachusetts Institute of Technology,,http://web.mit.edu/chemistry/jamison/,synthetic organic,,,https://www.organicdivision.org/organicsyntheticfaculty/
Laura Kiessling,Massachusetts Institute of Technology,,https://chemistry.mit.edu/profile/laura-l-kiessling/,synthetic organic,,,https://www.organicdivision.org/organicsyntheticfaculty/
Stephen Buchwald,Massachusetts Institute of Technology,,https://chemistry-buchwald.mit.edu,synthetic organic,,,https://www.organicdivision.org/organicsyntheticfaculty/
Mohammad Movassaghi,Massachusetts Institute of Technology,,http://web.mit.edu/movassag/www/index.htm,synthetic organic,,,https://www.organicdivision.org/organicsyntheticfaculty/
Alexander Radosevich,Massachusetts Institute of Technology,,http://web.mit.edu/radosevichlab/,synthetic organic,,,https://www.organicdivision.org/organicsyntheticfaculty/
Alison Wendlandt,Massachusetts Institute of Technology,,https://wendlandtlab.com,synthetic organic,,,https://www.organicdivision.org/organicsyntheticfaculty/
Clay Bennett,Tufts University,,https://ase.tufts.edu/chemistry/bennett/,synthetic organic,,,https://www.organicdivision.org/organicsyntheticfaculty/
George O’Doherty,Northeastern University,,https://www.northeastern.edu/odoherty/,synthetic organic,,,https://www.organicdivision.org/organicsyntheticfaculty/
Roman Manetsch,Northeastern University,,https://manetschlab.com/,synthetic organic,,,https://www.organicdivision.org/organicsyntheticfaculty/
James Dittami,Worcester Polytechnic University,,https://www.wpi.edu/people/faculty/jdittami,synthetic organic,,,https://www.organicdivision.org/organicsyntheticfaculty/
Anita Mattson,Worcester Polytechnic University,,https://www.amattson.com,synthetic organic,,,https://www.organicdivision.org/organicsyntheticfaculty/
Patricia Musacchio,Worcester Polytechnic University,,https://www.zhang-musacchioresearchgroup.com/,synthetic organic,True,https://www.zhang-musacchioresearchgroup.com/,https://www.organicdivision.org/organicsyntheticfaculty/
Sivappa Rasapalli,University of Massachusetts Dartmouth,,https://www.umassd.edu/cas/chemistry/faculty--staff/sivappa-rasapalli/,synthetic organic,,,https://www.organicdivision.org/organicsyntheticfaculty/
Wei Zhang,University of Massachusetts Boston,,http://alpha.chem.umb.edu/faculty/zhang/code/index.htm,synthetic organic,,,https://www.organicdivision.org/organicsyntheticfaculty/
Anna Mapp,University of Michigan,,https://www.lsi.umich.edu/science/our-labs/anna-mapp-lab,synthetic organic,,,https://www.organicdivision.org/organicsyntheticfaculty/
Ann McNeil,University of Michigan,,https://mcneilgroup.chem.lsa.umich.edu,synthetic organic,,,https://www.organicdivision.org/organicsyntheticfaculty/
John Montgomery,University of Michigan,,http://www.umich.edu/%7Ejmgroup/,synthetic organic,,,https://www.organicdivision.org/organicsyntheticfaculty/
Pavel Nagorny,University of Michigan,,http://www.umich.edu/~nagornyp/index.html,synthetic organic,,,https://www.organicdivision.org/organicsyntheticfaculty/
Alison Narayan,University of Michigan,,https://www.lsi.umich.edu/science/our-labs/alison-narayan-lab,synthetic organic,,,https://www.organicdivision.org/organicsyntheticfaculty/
Melanie Sanford,University of Michigan,,https://sites.lsa.umich.edu/msanford-lab/,synthetic organic,,,https://www.organicdivision.org/organicsyntheticfaculty/
Corey Stephenson,University of Michigan,,http://www.umich.edu/~crsgroup/,synthetic organic,True,https://www.thestephensongroup.org/,https://www.organicdivision.org/organicsyntheticfaculty/
Corinna Schindler,University of Michigan,,https://www.schindlerresearchgroup.com/,synthetic organic,,,https://www.organicdivision.org/organicsyntheticfaculty/
John Wolfe,University of Michigan,,http://www.umich.edu/%7Ewolfelab/,synthetic organic,,,https://www.organicdivision.org/organicsyntheticfaculty/
Jeremy Kodanko,Wayne State University,,http://kodankolab.wayne.edu/,synthetic organic,,,https://www.organicdivision.org/organicsyntheticfaculty/
Long Luo,Wayne State University,,https://s.wayne.edu/luogroup/,synthetic organic,,,https://www.organicdivision.org/organicsyntheticfaculty/
Hien Nguyen,Wayne State University,,https://s.wayne.edu/nguyengroup/hien-nguyen/,synthetic organic,,,https://www.organicdivision.org/organicsyntheticfaculty/
Jennifer Stockdill,Wayne State University,,http://stockdillgroup.info/app/,synthetic organic,,,https://www.organicdivision.org/organicsyntheticfaculty/
Rob Maleczka,Michigan State University,,https://www2.chemistry.msu.edu/Faculty/Maleczka/index.html,synthetic organic,,,https://www.organicdivision.org/organicsyntheticfaculty/
William Wulff,Michigan State University,,https://www2.chemistry.msu.edu/faculty/wulff/myweb26/Wulff_data/about_wulff-new.htm,synthetic organic,,,https://www.organicdivision.org/organicsyntheticfaculty/
Babak Borhan,Michigan State University,,https://www2.chemistry.msu.edu/faculty/Borhan/group%20page.html,synthetic organic,,,https://www.organicdivision.org/organicsyntheticfaculty/
Jetze Tepe,Michigan State University,,https://tepegroup.chemistry.msu.edu/,synthetic organic,,,https://www.organicdivision.org/organicsyntheticfaculty/
Xuefei Huang,Michigan State University,,https://www2.chemistry.msu.edu/faculty/huang/,synthetic organic,,,https://www.organicdivision.org/organicsyntheticfaculty/
Aaron Odom,Michigan State University,,https://www.chemistry.msu.edu/faculty-research/faculty-members/aaron-l-odom/,synthetic organic,,,https://www.organicdivision.org/organicsyntheticfaculty/
Courtney Aldrich,University of Minnesota,,https://sites.google.com/umn.edu/aldrich/,synthetic organic,,,https://www.organicdivision.org/organicsyntheticfaculty/
Christopher Douglas,University of Minnesota,,http://www1.chem.umn.edu/groups/douglas/,synthetic organic,,,https://www.organicdivision.org/organicsyntheticfaculty/
David Ferguson,University of Minnesota,,https://sites.google.com/a/umn.edu/ferguson/,synthetic organic,,,https://www.organicdivision.org/organicsyntheticfaculty/
Dan Harki,University of Minnesota,,http://harki.umn.edu,synthetic organic,,,https://www.organicdivision.org/organicsyntheticfaculty/
Tom Hoye,University of Minnesota,,http://www1.chem.umn.edu/groups/hoye/,synthetic organic,,,https://www.organicdivision.org/organicsyntheticfaculty/
Steven Kass,University of Minnesota,,http://kass.chem.umn.edu/,synthetic organic,,,https://www.organicdivision.org/organicsyntheticfaculty/
Jessica Lamb,University of Minnesota,,https://lamb.chem.umn.edu/,synthetic organic,,,https://www.organicdivision.org/organicsyntheticfaculty/
Nicholas Race,University of Minnesota,,https://sites.google.com/umn.edu/raceresearchgroup,synthetic organic,,,https://www.organicdivision.org/organicsyntheticfaculty/
Courtney Roberts,University of Minnesota,,http://roberts.chem.umn.edu/,synthetic organic,,,https://www.organicdivision.org/organicsyntheticfaculty/
Ian Tonks,University of Minnesota,,http://tonks.chem.umn.edu/,synthetic organic,,,https://www.organicdivision.org/organicsyntheticfaculty/
Joseph Topczewski,University of Minnesota,,http://topczewski.chem.umn.edu/,synthetic organic,,,https://www.organicdivision.org/organicsyntheticfaculty/
Zhengqiang Wang,University of Minnesota,,https://drugdesign.umn.edu/research/research-groups/wang-zq-group,synthetic organic,,,https://www.organicdivision.org/organicsyntheticfaculty/
David Colby,University of Mississippi,,http://home.olemiss.edu/~dacolby/,synthetic organic,,,https://www.organicdivision.org/organicsyntheticfaculty/
Hoang Le,University of Mississippi,,http://www.hlelab.com/,synthetic organic,,,https://www.organicdivision.org/organicsyntheticfaculty/
Matthew Donahue,University of Southern Mississippi,,http://mattdonahuegroup.org/,synthetic organic,,,https://www.organicdivision.org/organicsyntheticfaculty/
Julie Pigza,University of Southern Mississippi,,https://www.usm.edu/faculty-directory/profile.php?id=1936961,synthetic organic,,,https://www.organicdivision.org/organicsyntheticfaculty/
Xin Cui,Mississippi State University,,https://cui.chemistry.msstate.edu/,synthetic organic,,,https://www.organicdivision.org/organicsyntheticfaculty/
Michael Harmata,University of Missouri – Columbia,,http://faculty.missouri.edu/~harmatam/,synthetic organic,,,https://www.organicdivision.org/organicsyntheticfaculty/
Christopher Spilling,University of Missouri – St. Louis,,http://www.umsl.edu/chemistry/Faculty/spilling.html,synthetic organic,,,https://www.organicdivision.org/organicsyntheticfaculty/
Alexei Demchenko,University of Missouri – St. Louis,,http://www.umsl.edu/~demchenkoa/Glycoworld.htm,synthetic organic,,,https://www.organicdivision.org/organicsyntheticfaculty/
Eike Bauer,University of Missouri – St. Louis,,http://www.eike-bauer.net/,synthetic organic,,,https://www.organicdivision.org/organicsyntheticfaculty/
Kevin Moeller,Washington University in St Louis,,https://sites.wustl.edu/moellergroup/,synthetic organic,,,https://www.organicdivision.org/organicsyntheticfaculty/
Matthew Cook,Montana State University,,https://cookresearchgroup.com/,synthetic organic,,,https://www.organicdivision.org/organicsyntheticfaculty/
Tom Livinghouse,Montana State University,,https://chemistry.montana.edu/directory/1524327/thomas-livinghouse,synthetic organic,,,https://www.organicdivision.org/organicsyntheticfaculty/
Sharon Neufeldt,Montana State University,,http://neufeldt-chemistry.com/,synthetic organic,,,https://www.organicdivision.org/organicsyntheticfaculty/
Nick Natale,University of Montana,,http://www.umt.edu/people/Natale,synthetic organic,,,https://www.organicdivision.org/organicsyntheticfaculty/
David Berkowitz,University of Nebraska,,http://chemweb.unl.edu/dbb/,synthetic organic,,,https://www.organicdivision.org/organicsyntheticfaculty/
Patrick Dussault,University of Nebraska,,https://chem.unl.edu/patrick-dussault,synthetic organic,,,https://www.organicdivision.org/organicsyntheticfaculty/
James Takacs,University of Nebraska,,https://chem.unl.edu/takacs-group,synthetic organic,,,https://www.organicdivision.org/organicsyntheticfaculty/
Amar Natarajan,University of Nebraksa Medical Center,,https://www.unmc.edu/eppley/about/faculty/natarajan.html,synthetic organic,,,https://www.organicdivision.org/organicsyntheticfaculty/
Christopher Jeffrey,University of Nevada – Reno,,https://www.unr.edu/chemistry/faculty/christopher-jeffrey,synthetic organic,,,https://www.organicdivision.org/organicsyntheticfaculty/
Laina Geary,University of Nevada – Reno,,https://lgeary.wixsite.com/gearylab,synthetic organic,,,https://www.organicdivision.org/organicsyntheticfaculty/
Jun Yong Kang,University of Nevada – Las Vegas,,http://jkang.faculty.unlv.edu,synthetic organic,,,https://www.organicdivision.org/organicsyntheticfaculty/
Charles Zercher,University of New Hampshire,,https://ceps.unh.edu/person/charles-zercher,synthetic organic,,,https://www.organicdivision.org/organicsyntheticfaculty/
Gordon Gribble,Dartmouth College,,https://chemistry.dartmouth.edu/people/gordon-wayne-gribble,synthetic organic,,,https://www.organicdivision.org/organicsyntheticfaculty/
David Glueck,Dartmouth College,,https://chemistry.dartmouth.edu/people/david-s-glueck,synthetic organic,,,https://www.organicdivision.org/organicsyntheticfaculty/
Peter Jacobi,Dartmouth College,,https://chemistry.dartmouth.edu/people/peter-alan-jacobi,synthetic organic,,,https://www.organicdivision.org/organicsyntheticfaculty/
Christopher Sandford,Dartmouth College,,http://www.sandfordlab.com,synthetic organic,True,https://www.sandfordlab.com/group#h.v0aakektidsl,https://www.organicdivision.org/organicsyntheticfaculty/
Jimmy Wu,Dartmouth College,,https://sites.dartmouth.edu/jimmywu/,synthetic organic,,,https://www.organicdivision.org/organicsyntheticfaculty/
Glenn Micalizio,Dartmouth College,,https://chemistry.dartmouth.edu/people/glenn-c-micalizio,synthetic organic,,,https://www.organicdivision.org/organicsyntheticfaculty/
Daniel Seidel,Rutgers University,,http://www.seidel-group.com,synthetic organic,,,https://www.organicdivision.org/organicsyntheticfaculty/
Joel Freundlich,Rutgers University,,http://njms.rutgers.edu/departments/labs/freundlich/index.cfm,synthetic organic,,,https://www.organicdivision.org/organicsyntheticfaculty/
Spencer Knapp,Rutgers University,,https://rutchem.rutgers.edu/research/faculty-research/167-knapp-spencer,synthetic organic,,,https://www.organicdivision.org/organicsyntheticfaculty/
Lawrence Williams,Rutgers University,,https://rutchem.rutgers.edu/research/faculty-research/200-williams-lawrence-j,synthetic organic,,,https://www.organicdivision.org/organicsyntheticfaculty/
Michal Szostak,Rutgers University – Newark,,https://szostakgroup.com/,synthetic organic,True,https://szostakgroup.com/,https://www.organicdivision.org/organicsyntheticfaculty/
Erik Sorensen,Princeton University,,https://sorensen.princeton.edu/,synthetic organic,,,https://www.organicdivision.org/organicsyntheticfaculty/
David MacMillan,Princeton University,,https://macmillan.princeton.edu/,synthetic organic,,,https://www.organicdivision.org/organicsyntheticfaculty/
Robert Knowles,Princeton University,,https://knowleslab.princeton.edu,synthetic organic,,,https://www.organicdivision.org/organicsyntheticfaculty/
James Herndon,New Mexico State University,,https://wordpress.nmsu.edu/jherndon/,synthetic organic,,,https://www.organicdivision.org/organicsyntheticfaculty/
William Maio,New Mexico State University,,https://wordpress.nmsu.edu/wmaio/,synthetic organic,,,https://www.organicdivision.org/organicsyntheticfaculty/
Samuel Danishefsky,Columbia University,,https://www.mskcc.org/research/ski/labs/samuel-danishefsky,synthetic organic,,,https://www.organicdivision.org/organicsyntheticfaculty/
James Leighton,Columbia University,,http://www.columbia.edu/cu/chemistry/groups/leighton/index.html,synthetic organic,,,https://www.organicdivision.org/organicsyntheticfaculty/
Dalibor Sames,Columbia University,,http://www.columbia.edu/cu/chemistry/groups/sames/index.html,synthetic organic,,,https://www.organicdivision.org/organicsyntheticfaculty/
Tristan Lambert,Cornell University,,http://www.columbia.edu/cu/chemistry/groups/lambert/,synthetic organic,,,https://www.organicdivision.org/organicsyntheticfaculty/
Tom Rovis,Columbia University,,https://rovisresearch.wordpress.com,synthetic organic,,,https://www.organicdivision.org/organicsyntheticfaculty/
Derek Tan,Sloan Kettering,,https://www.mskcc.org/research/ski/labs/derek-tan,synthetic organic,,,https://www.organicdivision.org/organicsyntheticfaculty/
Geoffrey Coates,Cornell University,,https://coates.chem.cornell.edu/,synthetic organic,,,https://www.organicdivision.org/organicsyntheticfaculty/
Song Lin,Cornell University,,https://songlin.chem.cornell.edu/,synthetic organic,,,https://www.organicdivision.org/organicsyntheticfaculty/
Alison Frontier,University of Rochester,,http://www.sas.rochester.edu/chm/groups/frontier/index.html,synthetic organic,,,https://www.organicdivision.org/organicsyntheticfaculty/
Benjamin Miller,University of Rochester Medical,,https://www.urmc.rochester.edu/labs/benjamin-miller.aspx,synthetic organic,,,https://www.organicdivision.org/organicsyntheticfaculty/
Eriks Rozners,Binghamton University,,http://chemiris.chem.binghamton.edu/ROZNERS/rozners.htm,synthetic organic,,,https://www.organicdivision.org/organicsyntheticfaculty/
Steven Diver,University at Buffalo,,https://arts-sciences.buffalo.edu/chemistry/faculty/faculty-directory/diver.html,synthetic organic,,,https://www.organicdivision.org/organicsyntheticfaculty/
Sherry Chemler,University at Buffalo,,http://www.acsu.buffalo.edu/~schemler/,synthetic organic,,,https://www.organicdivision.org/organicsyntheticfaculty/
Ming-Yu Ngai,Stony Brook University,,https://www.ngaigroup.com/p/home.html,synthetic organic,,,https://www.organicdivision.org/organicsyntheticfaculty/
Iwao Ojima,Stony Brook University,,https://www.stonybrook.edu/commcms/ojima_group/,synthetic organic,,,https://www.organicdivision.org/organicsyntheticfaculty/
Kathlyn Parker,Stony Brook University,,https://www.stonybrook.edu/commcms/chemistry/faculty/_faculty-profiles/parker-kathy,synthetic organic,,,https://www.organicdivision.org/organicsyntheticfaculty/
Ting Wang,University at Albany,,https://www.albany.edu/twanglab/,synthetic organic,,,https://www.organicdivision.org/organicsyntheticfaculty/
Zhang Wang,University at Albany,,https://zwang9.wixsite.com/orgsyn,synthetic organic,,,https://www.organicdivision.org/organicsyntheticfaculty/
John Welch,University at Albany,,https://sites.google.com/site/welchresearchlab/,synthetic organic,,,https://www.organicdivision.org/organicsyntheticfaculty/
Qiang Zhang,University at Albany,,https://www.albany.edu/zhanggroup/,synthetic organic,,,https://www.organicdivision.org/organicsyntheticfaculty/
David Mootoo,Hunter College,,https://hunter.cuny.edu/artsci/chemistry/faculty-and-staff/profile/?id=18745,synthetic organic,,,https://www.organicdivision.org/organicsyntheticfaculty/
Wayne Harding,Hunter College,,https://hunter.cuny.edu/artsci/chemistry/faculty-and-staff/profile/?id=18728,synthetic organic,,,https://www.organicdivision.org/organicsyntheticfaculty/
Shengping Zheng,Hunter College,,https://hunter.cuny.edu/artsci/chemistry/faculty-and-staff/profile/?id=18725,synthetic organic,,,https://www.organicdivision.org/organicsyntheticfaculty/
Keith Woerpel,New York University,,https://wp.nyu.edu/woerpelgroup/,synthetic organic,,,https://www.organicdivision.org/organicsyntheticfaculty/
Paramjit Arora,New York University,,https://wp.nyu.edu/arora/,synthetic organic,,,https://www.organicdivision.org/organicsyntheticfaculty/
Tianning Diao,New York University,,https://as.nyu.edu/content/nyu-as/as/faculty/tianning-diao.html,synthetic organic,,,https://www.organicdivision.org/organicsyntheticfaculty/
Dirk Trauner,New York University,,https://www.traunergroup.org,synthetic organic,,,https://www.organicdivision.org/organicsyntheticfaculty/
Stacey Brenner,College University of New York – Brooklyn,,http://academic.brooklyn.cuny.edu/chem/Brenner/webpage2.html,synthetic organic,,,https://www.organicdivision.org/organicsyntheticfaculty/
Maria Contel,College University of New York – Brooklyn,,http://www.brooklyn.cuny.edu/web/academics/schools/naturalsciences/undergraduate/chemistry/faculty_details.php?faculty=136,synthetic organic,,,https://www.organicdivision.org/organicsyntheticfaculty/
Alexander Greer,College University of New York – Brooklyn,,http://academic.brooklyn.cuny.edu/chem/agreer/FirstPage.html,synthetic organic,,,https://www.organicdivision.org/organicsyntheticfaculty/
Ryan Murelli,College University of New York – Brooklyn,,http://userhome.brooklyn.cuny.edu/rpmurelli/,synthetic organic,,,https://www.organicdivision.org/organicsyntheticfaculty/
John Chisholm,Syracuse University,,https://thecollege.syr.edu/people/faculty/chisholm-john-d/,synthetic organic,,,https://www.organicdivision.org/organicsyntheticfaculty/
Nancy Totah,Syracuse University,,https://thecollege.syr.edu/people/faculty/totah-nancy-i/,synthetic organic,,,https://www.organicdivision.org/organicsyntheticfaculty/
Mark Biscoe,City College of New York,,http://mbiscoe.ccny.cuny.edu,synthetic organic,,,https://www.organicdivision.org/organicsyntheticfaculty/
Mahesh Lakshman,City College of New York,,https://www.ccny.cuny.edu/profiles/mahesh-lakshman,synthetic organic,,,https://www.organicdivision.org/organicsyntheticfaculty/
Barbara Zajc,City College of New York,,https://bzajc.ccny.cuny.edu,synthetic organic,,,https://www.organicdivision.org/organicsyntheticfaculty/
Jiyong Hong,Duke University,,https://sites.duke.edu/thehonggroup/,synthetic organic,,,https://www.organicdivision.org/organicsyntheticfaculty/
Steven Malcolmson,Duke University,,https://malcolmsongroup.chem.duke.edu/,synthetic organic,,,https://www.organicdivision.org/organicsyntheticfaculty/
Jennifer Roizen,Duke University,,https://people.chem.duke.edu/~jlr67/,synthetic organic,,,https://www.organicdivision.org/organicsyntheticfaculty/
Ross Widenhoefer,Duke University,,https://chem.duke.edu/labs/widenhoefer/overview,synthetic organic,,,https://www.organicdivision.org/organicsyntheticfaculty/
Qiu Wang,Duke University,,http://people.duke.edu/~qw29/wang_group/,synthetic organic,,,https://www.organicdivision.org/organicsyntheticfaculty/
Vincent Lindsay,North Carolina State University,,https://www.lindsaylab.com/,synthetic organic,,,https://www.organicdivision.org/organicsyntheticfaculty/
Jonathan Lindsey,North Carolina State University,,https://sites.google.com/a/ncsu.edu/lindsey-lab/,synthetic organic,,,https://www.organicdivision.org/organicsyntheticfaculty/
Joshua Pierce,North Carolina State University,,https://piercegroup.wordpress.ncsu.edu,synthetic organic,,,https://www.organicdivision.org/organicsyntheticfaculty/
Caroline Proulx,North Carolina State University,,https://www.proulxlab.com/,synthetic organic,,,https://www.organicdivision.org/organicsyntheticfaculty/
Erik Alexanian,University of North Carolina – Chapel Hill,,http://alexanian.chem.unc.edu,synthetic organic,,,https://www.organicdivision.org/organicsyntheticfaculty/
Jeffrey Aubé,University of North Carolina – Chapel Hill,,https://chem.unc.edu/faculty/Aube-Jeff/,synthetic organic,,,https://www.organicdivision.org/organicsyntheticfaculty/
Michael Crimmins,University of North Carolina – Chapel Hill,,https://chem.unc.edu/faculty/Crimmins-Michael/,synthetic organic,,,https://www.organicdivision.org/organicsyntheticfaculty/
Michel Gagné,University of North Carolina – Chapel Hill,,https://gagnegroup.web.unc.edu/,synthetic organic,,,https://www.organicdivision.org/organicsyntheticfaculty/
Jeff Johnson,University of North Carolina – Chapel Hill,,https://sites.google.com/view/jsjresearchgroup/home,synthetic organic,,,https://www.organicdivision.org/organicsyntheticfaculty/
Simon Meek,University of North Carolina – Chapel Hill,,https://sites.google.com/view/meeklab/,synthetic organic,,,https://www.organicdivision.org/organicsyntheticfaculty/
David Nicewicz,University of North Carolina – Chapel Hill,,http://nicewicz.chem.unc.edu/,synthetic organic,,,https://www.organicdivision.org/organicsyntheticfaculty/
Mark Welker,Wake Forest University,,https://chemistry.wfu.edu/people/faculty/mark-welker/,synthetic organic,,,https://www.organicdivision.org/organicsyntheticfaculty/
Bruce King,Wake Forest University,,https://kinglab.chemistry.wfu.edu,synthetic organic,,,https://www.organicdivision.org/organicsyntheticfaculty/
Mitchell Croatt,University of North Carolina – Greensboro,,https://chem.uncg.edu/croatt/,synthetic organic,,,https://www.organicdivision.org/organicsyntheticfaculty/
Kimberley Petersen,University of North Carolina – Greensboro,,https://chem.uncg.edu/petersen/,synthetic organic,,,https://www.organicdivision.org/organicsyntheticfaculty/
Greg Cook,North Dakota State,,http://cook.chem.ndsu.nodak.edu/,synthetic organic,,,https://www.organicdivision.org/organicsyntheticfaculty/
Mukund Sibi,North Dakota State,,https://www.ndsu.edu/chemistry/people/faculty/sibi.html,synthetic organic,,,https://www.organicdivision.org/organicsyntheticfaculty/
Robert Salomon,Case Western Reserve University,,https://case.edu/artsci/chem/faculty/salomon/,synthetic organic,,,https://www.organicdivision.org/organicsyntheticfaculty/
Craig Forsyth,Ohio State University,,https://chemistry.osu.edu/people/forsyth.14,synthetic organic,,,https://www.organicdivision.org/organicsyntheticfaculty/
David Nagib,Ohio State University,,https://research.cbc.osu.edu/nagib.1/,synthetic organic,,,https://www.organicdivision.org/organicsyntheticfaculty/
Jon Parquette,Ohio State University,,https://research.cbc.osu.edu/parquette.1/,synthetic organic,,,https://www.organicdivision.org/organicsyntheticfaculty/
T. V. Rajanbabu,Ohio State University,,https://research.cbc.osu.edu/rajanbabu.1/,synthetic organic,,,https://www.organicdivision.org/organicsyntheticfaculty/
Blake Peterson,Ohio State University – Pharmacy,,https://pharmacy.osu.edu/directory/blake-r-peterson,synthetic organic,,,https://www.organicdivision.org/organicsyntheticfaculty/
Stephen Bergmeier,Ohio University,,https://www.ohio.edu/cas/bergmeis,synthetic organic,,,https://www.organicdivision.org/organicsyntheticfaculty/
Mark McMills,Ohio University,,https://www.ohio.edu/cas/mcmills,synthetic organic,,,https://www.organicdivision.org/organicsyntheticfaculty/
Benjamin Gung,Miami of Ohio University,,http://chemistry.muohio.edu/gung/,synthetic organic,,,https://www.organicdivision.org/organicsyntheticfaculty/
Peter Andreana,University of Toledo,,https://www.andreanagroup.com,synthetic organic,,,https://www.organicdivision.org/organicsyntheticfaculty/
Wei Li,University of Toledo,,https://wei-li-jgtz.squarespace.com/,synthetic organic,,,https://www.organicdivision.org/organicsyntheticfaculty/
Steven Shucheck,University of Toledo,,http://sucheckgroup.com/,synthetic organic,,,https://www.organicdivision.org/organicsyntheticfaculty/
Michael Young,University of Toledo,,https://www.younggroupchem.com/,synthetic organic,,,https://www.organicdivision.org/organicsyntheticfaculty/
Jianglong Zhu,University of Toledo,,https://www.utoledo.edu/nsm/chemistry/people/Webpages/Zhu.html,synthetic organic,,,https://www.organicdivision.org/organicsyntheticfaculty/
Kenneth Nicholas,University of Oklahoma,,https://www.ou.edu/cas/chemistry/directory/faculty/kenneth-nicholas,synthetic organic,,,https://www.organicdivision.org/organicsyntheticfaculty/
Adam Duerfeldt,University of Oklahoma,,https://www.duerfeldtlabs.com/,synthetic organic,,,https://www.organicdivision.org/organicsyntheticfaculty/
Anthony Burgett,University of Oklahoma,,https://www.burgettresearchgroup.org,synthetic organic,,,https://www.organicdivision.org/organicsyntheticfaculty/
Indrajeet Sharma,University of Oklahoma,,https://indrajeetsharma.com/,synthetic organic,,,https://www.organicdivision.org/organicsyntheticfaculty/
Richard Bunce,Oklahoma State University,,https://chemistry.okstate.edu/bios/348-faculty-member-bio-bunce,synthetic organic,,,https://www.organicdivision.org/organicsyntheticfaculty/
Toby Nelson,Oklahoma State University,,https://nelsonlab.okstate.edu/,synthetic organic,,,https://www.organicdivision.org/organicsyntheticfaculty/
Jimmie Pitre,Oklahoma State University,,https://pitrelab.okstate.edu/,synthetic organic,,,https://www.organicdivision.org/organicsyntheticfaculty/
Jimmie Weaver,Oklahoma State University,,https://weaverlab.okstate.edu/,synthetic organic,,,https://www.organicdivision.org/organicsyntheticfaculty/
Syed Hussaini,University of Tulsa,,http://hussaini.ens.utulsa.edu/,synthetic organic,,,https://www.organicdivision.org/organicsyntheticfaculty/
James White,Oregon State University,,http://sites.science.oregonstate.edu/chemistry/white/,synthetic organic,,,https://www.organicdivision.org/organicsyntheticfaculty/
Rich Carter,Oregon State University,,https://carterlab.oregonstate.edu/,synthetic organic,,,https://www.organicdivision.org/organicsyntheticfaculty/
Paul Blakemore,Oregon State University,,http://sites.science.oregonstate.edu/chemistry/blakemore/,synthetic organic,,,https://www.organicdivision.org/organicsyntheticfaculty/
Chris Beaudry,Oregon State University,,https://beaudry.chem.oregonstate.edu,synthetic organic,,,https://www.organicdivision.org/organicsyntheticfaculty/
Michael Haley,University of Oregon,,https://chemistry.uoregon.edu/profile/haley/,synthetic organic,,,https://www.organicdivision.org/organicsyntheticfaculty/
David Stuart,Portland State University,,http://web.pdx.edu/~dstuart/index.html,synthetic organic,,,https://www.organicdivision.org/organicsyntheticfaculty/
Marisa Kozlowski,University of Pennsylvania,,https://www.mckgroup.org/,synthetic organic,,,https://www.organicdivision.org/organicsyntheticfaculty/
Gary Molander,University of Pennsylvania,,http://molandergroup.chem.upenn.edu/,synthetic organic,,,https://www.organicdivision.org/organicsyntheticfaculty/
Amos Smith,University of Pennsylvania,,https://web.sas.upenn.edu/smithgroup/,synthetic organic,,,https://www.organicdivision.org/organicsyntheticfaculty/
Patrick Walsh,University of Pennsylvania,,http://web.sas.upenn.edu/walshgroup/,synthetic organic,,,https://www.organicdivision.org/organicsyntheticfaculty/
Jeffrey Winkler,University of Pennsylvania,,https://www.chem.upenn.edu/profile/jeffrey-d-winkler,synthetic organic,,,https://www.organicdivision.org/organicsyntheticfaculty/
Ramesh Giri,Pennsylvania State University,,https://sites.psu.edu/girigroup/ramesh-giri-principal-investigator/,synthetic organic,,,https://www.organicdivision.org/organicsyntheticfaculty/
Eric Nacsa,Pennsylvania State University,,https://science.psu.edu/chem/people/edn5056,synthetic organic,,,https://www.organicdivision.org/organicsyntheticfaculty/
Kay Brummond,University of Pittsburgh,,http://pre2.brummondgroupresearch.pitt.edu/,synthetic organic,,,https://www.organicdivision.org/organicsyntheticfaculty/
Dennis Curran,University of Pittsburgh,,https://www.chem.pitt.edu/person/dennis-curran,synthetic organic,,,https://www.organicdivision.org/organicsyntheticfaculty/
Alexander Deiters,University of Pittsburgh,,http://www.pitt.edu/~deiters/index.html,synthetic organic,,,https://www.organicdivision.org/organicsyntheticfaculty/
Paul Floreancig,University of Pittsburgh,,https://floreancig.weebly.com/,synthetic organic,,,https://www.organicdivision.org/organicsyntheticfaculty/
Kazunori Koide,University of Pittsburgh,,https://www.chem.pitt.edu/person/kazunori-koide,synthetic organic,True,https://www.chem.pitt.edu/person/kazunori-koide,https://www.organicdivision.org/organicsyntheticfaculty/
Xinyu Liu,University of Pittsburgh,,http://www.pitt.edu/~xinyuliu/lab/Home.html,synthetic organic,,,https://www.organicdivision.org/organicsyntheticfaculty/
Yiming Wang,University of Pittsburgh,,https://www.wanglab.chem.pitt.edu/,synthetic organic,,,https://www.organicdivision.org/organicsyntheticfaculty/
Peter Wipf,University of Pittsburgh,,http://ccc.chem.pitt.edu/wipf/index.html,synthetic organic,,,https://www.organicdivision.org/organicsyntheticfaculty/
Franklin Davis,Temple University,,https://chem.cst.temple.edu/davis.html,synthetic organic,,,https://www.organicdivision.org/organicsyntheticfaculty/
Scott Sieburth,Temple University,,https://sites.temple.edu/sieburthlab/,synthetic organic,,,https://www.organicdivision.org/organicsyntheticfaculty/
Rodrigo Andrade,Temple University,,https://sites.temple.edu/andradelab/,synthetic organic,,,https://www.organicdivision.org/organicsyntheticfaculty/
Sarah Wengryniuk,Temple University,,https://wengryniuklab.weebly.com/,synthetic organic,,,https://www.organicdivision.org/organicsyntheticfaculty/
Fraser Fleming,Drexel University,,http://www.pages.drexel.edu/~fff27/,synthetic organic,,,https://www.organicdivision.org/organicsyntheticfaculty/
Dionicio Martinez,Drexel University,,https://drexel.edu/coas/faculty-research/faculty-directory/dionicio-martinez-solorio/,synthetic organic,,,https://www.organicdivision.org/organicsyntheticfaculty/
William Malachowski,Bryn Mawr University,,https://malachowski.blogs.brynmawr.edu/,synthetic organic,,,https://www.organicdivision.org/organicsyntheticfaculty/
Robert Flowers,Lehigh University,,https://flowersgroup.cas.lehigh.edu/,synthetic organic,,,https://www.organicdivision.org/organicsyntheticfaculty/
David Vicic,Lehigh University,,https://vicic.cas.lehigh.edu/,synthetic organic,,,https://www.organicdivision.org/organicsyntheticfaculty/
David Lapinsky,Duquesne University,,https://www.duq.edu/academics/faculty/david-lapinsky,synthetic organic,,,https://www.organicdivision.org/organicsyntheticfaculty/
John Soderquist,University of Puerto Rico,,http://chemistry.uprrp.edu/people/faculty/john-a-soderquist,synthetic organic,,,https://www.organicdivision.org/organicsyntheticfaculty/
Amit Basu,Brown University,,https://vivo.brown.edu/display/abasu#,synthetic organic,,,https://www.organicdivision.org/organicsyntheticfaculty/
Paul Williard,Brown University,,https://www.brown.edu/academics/chemistry/people/faculty/paul-g-williard,synthetic organic,,,https://www.organicdivision.org/organicsyntheticfaculty/
Christopher Seto,Brown University,,http://casey.brown.edu/chemistry/research/seto/,synthetic organic,,,https://www.organicdivision.org/organicsyntheticfaculty/
Brenton DeBoef,University of Rhode Island,,https://www.chm.uri.edu/deboefDevel/wordpress/,synthetic organic,,,https://www.organicdivision.org/organicsyntheticfaculty/
Sheryl Wiskur,University of South Carolina,,http://artsandsciences.sc.edu/chemistry/groups/wiskur/,synthetic organic,,,https://www.organicdivision.org/organicsyntheticfaculty/
Byoungmoo Kim,Clemson University,,https://scienceweb.clemson.edu/kimgroup/,synthetic organic,,,https://www.organicdivision.org/organicsyntheticfaculty/
Daniel Whitehead,Clemson University,,http://www.clemson.edu/science/departments/chemistry/people/faculty/whitehead.html,synthetic organic,,,https://www.organicdivision.org/organicsyntheticfaculty/
David Baker,University of Tennessee,,https://chem.utk.edu/people/david-c-baker/,synthetic organic,,,https://www.organicdivision.org/organicsyntheticfaculty/
Ampofo Darko,University of Tennessee,,https://darkolab.utk.edu,synthetic organic,,,https://www.organicdivision.org/organicsyntheticfaculty/
Michio Kurosu,Tennessee Healthy Science Center,,https://academic.uthsc.edu/faculty/facepage.php?netID=mkurosu&personnel_id=287119,synthetic organic,,,https://www.organicdivision.org/organicsyntheticfaculty/
Carmelo Rizzo,Vanderbilt University,,https://www.vanderbilt.edu:443/chemistry/faculty/rizzo.php,synthetic organic,,,https://www.organicdivision.org/organicsyntheticfaculty/
Gary Sulikowski,Vanderbilt University,,https://lab.vanderbilt.edu/sulikowski-lab/,synthetic organic,,,https://www.organicdivision.org/organicsyntheticfaculty/
Jeffrey Johnston,Vanderbilt University,,http://www.johnstonchemistry.org/,synthetic organic,,,https://www.organicdivision.org/organicsyntheticfaculty/
Craig Lindsley,Vanderbilt University,,https://lab.vanderbilt.edu/lindsleylab/,synthetic organic,True,https://lab.vanderbilt.edu/lindsleylab/,https://www.organicdivision.org/organicsyntheticfaculty/
Steven Townsend,Vanderbilt University,,https://www.townsendchemistry.org,synthetic organic,,,https://www.organicdivision.org/organicsyntheticfaculty/
Richard Lee,St. Jude Children's Hospital,,https://www.stjuderesearch.org/site/lab/lee,synthetic organic,,,https://www.organicdivision.org/organicsyntheticfaculty/
Fatima Rivas,St. Jude Children's Hospital,,https://www.stjuderesearch.org/site/404,synthetic organic,,,https://www.organicdivision.org/organicsyntheticfaculty/
Anne Gorden,Texas Tech University,,https://annegorden.wixsite.com/website,synthetic organic,,,https://www.organicdivision.org/organicsyntheticfaculty/
Bob Kane,Baylor University,,https://www.bobkanelab.com/,synthetic organic,,,https://www.organicdivision.org/organicsyntheticfaculty/
Kevin Pinney,Baylor University,,https://sites.baylor.edu/pinneygroup/,synthetic organic,,,https://www.organicdivision.org/organicsyntheticfaculty/
Liela Romero,Baylor University,,https://www.theromerolab.com/,synthetic organic,,,https://www.organicdivision.org/organicsyntheticfaculty/
Daniel Romo,Baylor University,,http://www.danielromogroup.com,synthetic organic,True,https://baylorcpritlab.com/,https://www.organicdivision.org/organicsyntheticfaculty/
John Wood,Baylor University,,https://www.johnwoodgroup.com,synthetic organic,True,https://www.johnwoodgroup.com,https://www.organicdivision.org/organicsyntheticfaculty/
Jef De Brabander,University of Texas Southwestern Medical,,http://www4.utsouthwestern.edu/jdebralab/,synthetic organic,,,https://www.organicdivision.org/organicsyntheticfaculty/
Joseph Ready,University of Texas Southwestern Medical,,https://www.utsouthwestern.edu/labs/ready/,synthetic organic,,,https://www.organicdivision.org/organicsyntheticfaculty/
Chuo Chen,University of Texas Southwestern Medical,,https://www.utsouthwestern.edu/labs/chen-chuo/,synthetic organic,,,https://www.organicdivision.org/organicsyntheticfaculty/
Uttam Tambar,University of Texas Southwestern Medical,,https://www.utsouthwestern.edu/labs/tambar/,synthetic organic,True,https://www.utsouthwestern.edu/labs/tambar/,https://www.organicdivision.org/organicsyntheticfaculty/
Tian Qin,University of Texas Southwestern Medical,,https://www.utsouthwestern.edu/labs/qin/,synthetic organic,,,https://www.organicdivision.org/organicsyntheticfaculty/
Myles Smith,University of Texas Southwestern Medical,,https://www.utsouthwestern.edu/labs/smith-myles/,synthetic organic,,,https://www.organicdivision.org/organicsyntheticfaculty/
Kevin Burgess,Texas A & M University,,https://www.chem.tamu.edu/rgroup/burgess/,synthetic organic,,,https://www.organicdivision.org/organicsyntheticfaculty/
Carl Lovely,University of Texas – Arlington,,https://www.uta.edu/chemistry/faculty/carl_lovely.php,synthetic organic,,,https://www.organicdivision.org/organicsyntheticfaculty/
Frank Foss,University of Texas – Arlington,,https://www.uta.edu/faculty/ffoss/,synthetic organic,,,https://www.organicdivision.org/organicsyntheticfaculty/
Junha Jeon,University of Texas – Arlington,,https://www.uta.edu/chemistry/faculty/junha_jeon.php,synthetic organic,,,https://www.organicdivision.org/organicsyntheticfaculty/
Hyunsoo Han,University of Texas – San Antonio,,https://chemistry.utsa.edu/archives/853,synthetic organic,,,https://www.organicdivision.org/organicsyntheticfaculty/
George Negrete,University of Texas – San Antonio,,https://chemistry.utsa.edu/archives/878,synthetic organic,,,https://www.organicdivision.org/organicsyntheticfaculty/
Oleg Larionov,University of Texas – San Antonio,,http://larionovgroup.com/,synthetic organic,True,http://larionovgroup.com/,https://www.organicdivision.org/organicsyntheticfaculty/
John C.-G. Zhao,University of Texas – San Antonio,,https://chemistry.utsa.edu/archives/897,synthetic organic,,,https://www.organicdivision.org/organicsyntheticfaculty/
Doug Frantz,University of Texas – San Antonio,,https://chemistry.utsa.edu/frantzlab/dr-frantz/,synthetic organic,,,https://www.organicdivision.org/organicsyntheticfaculty/
Michael Doyle,University of Texas – San Antonio,,https://chemistry.utsa.edu/doylelab/,synthetic organic,,,https://www.organicdivision.org/organicsyntheticfaculty/
Shizue Mito,University of Texas – El Paso,,http://utminers.utep.edu/smito2/research.html,synthetic organic,,,https://www.organicdivision.org/organicsyntheticfaculty/
Jung-Mo Ahn,University of Texas – Dallas,,https://labs.utdallas.edu/ahn/,synthetic organic,,,https://www.organicdivision.org/organicsyntheticfaculty/
Vladimir Gevorgyan,University of Texas – Dallas,,https://labs.utdallas.edu/gevorgyan-group/,synthetic organic,,,https://www.organicdivision.org/organicsyntheticfaculty/
Eric Welin,University of Texas – Dallas,,https://profiles.utdallas.edu/ewelin,synthetic organic,True,https://jobs.utdallas.edu/postings/14133,https://www.organicdivision.org/organicsyntheticfaculty/
Zachary Ball,Rice University,,http://www.ztb.rice.edu/index.html,synthetic organic,,,https://www.organicdivision.org/organicsyntheticfaculty/
K. C. Nicolaou,Rice University,,http://nicolaou.rice.edu,synthetic organic,,,https://www.organicdivision.org/organicsyntheticfaculty/
László Kürti,Rice University,,http://kurtilabs.com/,synthetic organic,,,https://www.organicdivision.org/organicsyntheticfaculty/
Julian West,Rice University,,https://www.westchem.org/,synthetic organic,,,https://www.organicdivision.org/organicsyntheticfaculty/
Kami Hull,University of Texas – Austin,,https://sites.google.com/utexas.edu/thehullgroup/home,synthetic organic,,,https://www.organicdivision.org/organicsyntheticfaculty/
Michael Krische,University of Texas – Austin,,https://sites.google.com/a/utexas.edu/the-krische-research-group/home,synthetic organic,,,https://www.organicdivision.org/organicsyntheticfaculty/
Stephen Martin,University of Texas – Austin,,https://sfmartin.cm.utexas.edu/,synthetic organic,,,https://www.organicdivision.org/organicsyntheticfaculty/
Guigen Li,Texas Tech University,,https://www.depts.ttu.edu/chemistry/Faculty/li/index.php,synthetic organic,,,https://www.organicdivision.org/organicsyntheticfaculty/
Michael Mayer,Texas Tech University,,https://www.depts.ttu.edu/chemistry/Faculty/mayer/index.php,synthetic organic,,,https://www.organicdivision.org/organicsyntheticfaculty/
Jean-Luc Montchamp,Texas Christian University,,http://personal.tcu.edu/jmontchamp/montchamp.htm,synthetic organic,,,https://www.organicdivision.org/organicsyntheticfaculty/
Olafs Daugulis,University of Houston,,http://olafs.chem.uh.edu/,synthetic organic,,,https://www.organicdivision.org/organicsyntheticfaculty/
Loi Do,University of Houston,,https://sites.google.com/view/doresearch,synthetic organic,,,https://www.organicdivision.org/organicsyntheticfaculty/
Ognjen Miljanic,University of Houston,,http://nsmn1.uh.edu/miljanic/,synthetic organic,,,https://www.organicdivision.org/organicsyntheticfaculty/
Jeremy May,University of Houston,,http://may.chem.uh.edu/,synthetic organic,,,https://www.organicdivision.org/organicsyntheticfaculty/
Scott Gilbertson,University of Houston,,https://srgilber.wixsite.com/mysite,synthetic organic,,,https://www.organicdivision.org/organicsyntheticfaculty/
Greg Cuny,University of Houston,,https://uh.edu/pharmacy/directory-home/pps-faculty/greg-cuny/index.php,synthetic organic,,,https://www.organicdivision.org/organicsyntheticfaculty/
Sergei Dzyuba,Texas Christian University,,http://personal.tcu.edu/sdzyuba/HOME.html,synthetic organic,,,https://www.organicdivision.org/organicsyntheticfaculty/
Eric Simanek,Texas Christian University,,http://ericsimanek.com/,synthetic organic,,,https://www.organicdivision.org/organicsyntheticfaculty/
Merritt Andrus,Brigham Young University,,https://www.chem.byu.edu/faculty/merritt-b-andrus/,synthetic organic,,,https://www.organicdivision.org/organicsyntheticfaculty/
Steven Castle,Brigham Young University,,https://www.chem.byu.edu/faculty/steven-l-castle/,synthetic organic,True,https://chembio.byu.edu/castle-lab,https://www.organicdivision.org/organicsyntheticfaculty/
Matt Peterson,Brigham Young University,,https://www.chem.byu.edu/faculty/matt-a-peterson/,synthetic organic,,,https://www.organicdivision.org/organicsyntheticfaculty/
Paul Savage,Brigham Young University,,https://www.chem.byu.edu/faculty/paul-b-savage/,synthetic organic,,,https://www.organicdivision.org/organicsyntheticfaculty/
David Michaelis,Brigham Young University,,https://www.chem.byu.edu/faculty/david-j-michaelis/,synthetic organic,,,https://www.organicdivision.org/organicsyntheticfaculty/
Gary Keck,University of Utah,,https://chem.utah.edu/directory/keck.php,synthetic organic,,,https://www.organicdivision.org/organicsyntheticfaculty/
Matthew Sigman,University of Utah,,https://chem.utah.edu/directory/sigman/research-group/index.php,synthetic organic,,,https://www.organicdivision.org/organicsyntheticfaculty/
Janis Louie,University of Utah,,https://chem.utah.edu/directory/louie/research-group/index.php,synthetic organic,,,https://www.organicdivision.org/organicsyntheticfaculty/
Ryan Looper,University of Utah,,https://chem.utah.edu/directory/looper/research-group/index.php,synthetic organic,,,https://www.organicdivision.org/organicsyntheticfaculty/
Jon Rainier,University of Utah,,https://chem.utah.edu/directory/rainier/research-group/index.php,synthetic organic,,,https://www.organicdivision.org/organicsyntheticfaculty/
Bradley Davidson,Utah State University,,https://chem.usu.edu/faculty_staff/faculty/bradley_s_davidson,synthetic organic,,,https://www.organicdivision.org/organicsyntheticfaculty/
Tom Chang,Utah State University,,http://ion.chem.usu.edu/~tchang/,synthetic organic,,,https://www.organicdivision.org/organicsyntheticfaculty/
Jose Madalengoitia,University of Vermont,,https://www.uvm.edu/cas/chemistry/profiles/jose-s-madalengoitia,synthetic organic,,,https://www.organicdivision.org/organicsyntheticfaculty/
Matthias Brewer,University of Vermont,,https://www.uvm.edu/cas/chemistry/profiles/matthias-brewer,synthetic organic,,,https://www.organicdivision.org/organicsyntheticfaculty/
Dean Harman,University of Virgina,,https://sites.google.com/view/the-harman-lab-uva/home,synthetic organic,,,https://www.organicdivision.org/organicsyntheticfaculty/
T. Brent Gunnoe,University of Virgina,,https://gunnoelab.virginia.edu/,synthetic organic,,,https://www.organicdivision.org/organicsyntheticfaculty/
Michael Hilinski,University of Virgina,,https://www.hilinskilab.com/,synthetic organic,,,https://www.organicdivision.org/organicsyntheticfaculty/
Lin Pu,University of Virgina,,https://chemistry.as.virginia.edu/people/profile/lp6n,synthetic organic,,,https://www.organicdivision.org/organicsyntheticfaculty/
Paul Carlier,Virginia Polytechnic Institute and State University,,https://www.carlierlab.com,synthetic organic,,,https://www.organicdivision.org/organicsyntheticfaculty/
Felicia Etzkorn,Virginia Polytechnic Institute and State University,,https://chem.vt.edu/people/faculty/teaching-and-research/fetzkorn.html,synthetic organic,,,https://www.organicdivision.org/organicsyntheticfaculty/
David Kingston,Virginia Polytechnic Institute and State University,,https://kingstonchem.wp.prod.es.cloud.vt.edu/,synthetic organic,,,https://www.organicdivision.org/organicsyntheticfaculty/
Webster Santos,Virginia Polytechnic Institute and State University,,https://www.santosgroup.chem.vt.edu:443/,synthetic organic,True,https://www.santosgroup.chem.vt.edu,https://www.organicdivision.org/organicsyntheticfaculty/
Kyle Lambert,Old Dominion University,,https://sites.wp.odu.edu/thelambertgroup/,synthetic organic,True,https://sites.wp.odu.edu/thelambertgroup/postdoctoral-position-in-synthetic-organic-chemistry-available/,https://www.organicdivision.org/organicsyntheticfaculty/
Guijun Wang,Old Dominion University,,https://sites.google.com/a/odu.edu/wang-group/,synthetic organic,,,https://www.organicdivision.org/organicsyntheticfaculty/
Ming Xian,Washington State University,,https://xian.chem.wsu.edu/,synthetic organic,,,https://www.organicdivision.org/organicsyntheticfaculty/
Phil Garner,Washington State University,,https://garner.chem.wsu.edu/,synthetic organic,,,https://www.organicdivision.org/organicsyntheticfaculty/
Forrest Michael,University of Washington,,https://chem.washington.edu/people/forrest-e-michael,synthetic organic,,,https://www.organicdivision.org/organicsyntheticfaculty/
Gojko Lalic,University of Washington,,http://faculty.washington.edu/lalic/,synthetic organic,,,https://www.organicdivision.org/organicsyntheticfaculty/
Gregory Dudley,West Virginia University,,http://www.dudleychemistry.org/,synthetic organic,,,https://www.organicdivision.org/organicsyntheticfaculty/
Jessica Hoover,West Virginia University,,https://www.chemistry.wvu.edu/directory/associate-professor/jessica-hoover,synthetic organic,,,https://www.organicdivision.org/organicsyntheticfaculty/
Brian Popp,West Virginia University,,https://community.wvu.edu/~bvpopp/1/Home.html,synthetic organic,,,https://www.organicdivision.org/organicsyntheticfaculty/
Björn Söderberg,West Virginia University,,https://www.chemistry.wvu.edu/directory/professors/bjorn-soderberg,synthetic organic,,,https://www.organicdivision.org/organicsyntheticfaculty/
Kung Wang,West Virginia University,,https://www.chemistry.wvu.edu/directory/professors/kung-wang,synthetic organic,,,https://www.organicdivision.org/organicsyntheticfaculty/
Helen Blackwell,University of Wisconsin – Madison,,https://blackwell.chem.wisc.edu/,synthetic organic,,,https://www.organicdivision.org/organicsyntheticfaculty/
AJ Boydston,University of Wisconsin – Madison,,https://boydston.chem.wisc.edu/,synthetic organic,,,https://www.organicdivision.org/organicsyntheticfaculty/
Sam Gellman,University of Wisconsin – Madison,,https://gellman.chem.wisc.edu:443/,synthetic organic,,,https://www.organicdivision.org/organicsyntheticfaculty/
Jennifer Golden,University of Wisconsin – Madison,,https://pharmacy.wisc.edu/golden-lab/,synthetic organic,,,https://www.organicdivision.org/organicsyntheticfaculty/
Richard Hsung,University of Wisconsin – Madison,,https://pharmacy.wisc.edu/hsung-group/,synthetic organic,,,https://www.organicdivision.org/organicsyntheticfaculty/
Clark Landis,University of Wisconsin – Madison,,https://landis.chem.wisc.edu:443/,synthetic organic,,,https://www.organicdivision.org/organicsyntheticfaculty/
Jeff Martell,University of Wisconsin – Madison,,https://martellgroup.chem.wisc.edu/,synthetic organic,,,https://www.organicdivision.org/organicsyntheticfaculty/
Jennifer Schomaker,University of Wisconsin – Madison,,https://www2.chem.wisc.edu/users/schomakerj,synthetic organic,,,https://www.organicdivision.org/organicsyntheticfaculty/
Shannon Stahl,University of Wisconsin – Madison,,https://chem.wisc.edu/2014/11/05/stahl-group-welcomes-amit-das/,synthetic organic,,,https://www.organicdivision.org/organicsyntheticfaculty/
Weiping Tang,University of Wisconsin – Madison,,https://pharmacy.wisc.edu/tang-lab/,synthetic organic,,,https://www.organicdivision.org/organicsyntheticfaculty/
Daniel Weix,University of Wisconsin – Madison,,https://weixgroup.chem.wisc.edu,synthetic organic,,,https://www.organicdivision.org/organicsyntheticfaculty/
Zach Wickens,University of Wisconsin – Madison,,https://wickens.chem.wisc.edu/,synthetic organic,,,https://www.organicdivision.org/organicsyntheticfaculty/
Tehshik Yoon,University of Wisconsin – Madison,,https://yoon.chem.wisc.edu:443/,synthetic organic,,,https://www.organicdivision.org/organicsyntheticfaculty/
James Cook,University of Wisconsin – Milwaukee,,https://sites.uwm.edu/capncook/,synthetic organic,,,https://www.organicdivision.org/organicsyntheticfaculty/
Christopher Dockendorff,Marquette University,,https://dockendorfflab.wordpress.com/,synthetic organic,,,https://www.organicdivision.org/organicsyntheticfaculty/
William Donaldson,Marquette University,,https://www.marquette.edu/chemistry/directory/william-donaldson.php,synthetic organic,,,https://www.organicdivision.org/organicsyntheticfaculty/
Mahmun Hossain,University of Wisconsin – Milwaukee,,https://uwm.edu/chemistry/people/hossain-m-mahmun/,synthetic organic,,,https://www.organicdivision.org/organicsyntheticfaculty/
Michael Taylor,University of Wyoming,,https://www.taylorresearchgroup.org/,synthetic organic,True,https://eeik.fa.us2.oraclecloud.com/hcmUI/CandidateExperience/en/sites/CX_1/job/211346,https://www.organicdivision.org/organicsyntheticfaculty/
